"Rol","Mensaje","Fecha"
"User","hay","17:21:03 - 12/02/2025"
"semantic_search","","17:21:03 - 12/02/2025"
"CharlieBOT","Hello! How can I help you with systems programming today? If you have any questions or need assistance with Java programming, feel free to ask!","17:21:04 - 12/02/2025"
"User","hey!","17:21:07 - 12/02/2025"
"semantic_search","","17:21:07 - 12/02/2025"
"CharlieBOT","Hello there! How can I assist you with systems programming today? If you have any questions or need help with Java programming, feel free to ask.","17:21:08 - 12/02/2025"
"User","me estoy haciendo los labs, como declaraba objetos si ya he creado el public class? aue mas debia hacer?","17:23:06 - 12/02/2025"
"semantic_search","","17:23:06 - 12/02/2025"
"CharlieBOT","Para declarar objetos en Java, primero debes asegurarte de que has creado una clase pública que define las características y el comportamiento del objeto que deseas instanciar. Luego, dentro de tu programa principal o en otra clase, puedes crear una instancia de esa clase utilizando la palabra clave ""new"". Aquí tienes un ejemplo: public class MiClase {     // Atributos y métodos de la clase MiClase }  public class MiPrograma {     public static void main(String[] args) {         // Crear un objeto de la clase MiClase         MiClase miObjeto = new MiClase();                  // Ahora puedes usar miObjeto para acceder a los métodos y atributos de la clase MiClase     } }  En este ejemplo, ""MiClase"" es la clase que has creado, y ""MiPrograma"" es el programa principal que contiene el método ""main"". Dentro de ""main"", se crea un objeto de la clase ""MiClase"" utilizando la palabra clave ""new"". Espero que esto te ayude. ¿Hay algo más en lo que pueda asistirte?","17:23:13 - 12/02/2025"
"User","como se hacia el constructor mas bien","17:24:57 - 12/02/2025"
"semantic_search","","17:24:57 - 12/02/2025"
"CharlieBOT","Para crear un constructor en Java, debes definir un método con el mismo nombre que la clase y sin tipo de retorno. Aquí tienes un ejemplo: public class MiClase {     private int miAtributo;      // Constructor     public MiClase() {         // Código para inicializar el objeto         miAtributo = 0;     }      // Otros métodos y atributos de la clase }  En este ejemplo, el constructor de la clase ""MiClase"" se define utilizando el mismo nombre que la clase y no tiene un tipo de retorno. Puedes incluir código dentro del constructor para inicializar los atributos del objeto. Una vez que has definido un constructor, puedes crear objetos de la clase utilizando ese constructor. Por ejemplo: MiClase miObjeto = new MiClase();  Esto llamará al constructor de la clase ""MiClase"" para crear un nuevo objeto. Espero que esto aclare tus dudas. ¿Hay algo más en lo que pueda ayudarte?","17:24:59 - 12/02/2025"
"User","Apartado 1: Constructor de la clase Point Programa un constructor para la clase Point. Debe recibir como parámetros las dos coordenadas del punto.","17:26:05 - 12/02/2025"
"semantic_search","","17:26:05 - 12/02/2025"
"CharlieBOT","Claro, aquí tienes un ejemplo de cómo podrías programar el constructor para la clase Point en Java, recibiendo como parámetros las dos coordenadas del punto: public class Point {     private int x;     private int y;      // Constructor     public Point(int x, int y) {         this.x = x;         this.y = y;     }      // Otros métodos y atributos de la clase }  En este ejemplo, el constructor recibe dos parámetros, ""x"" e ""y"", que son las coordenadas del punto. Dentro del constructor, se asignan estos valores a los atributos ""x"" e ""y"" de la clase utilizando la palabra clave ""this"". Con este constructor, podrías crear objetos de la clase Point pasando las coordenadas como parámetros, de la siguiente manera: Point punto = new Point(3, 5);  Esto crearía un nuevo objeto de la clase Point con las coordenadas (3, 5). Espero que esto te sea de ayuda. ¿Hay algo más en lo que pueda asistirte?","17:26:08 - 12/02/2025"
"User","luego quiero crear un metodo que escriba caracteres, como lo hafo?","17:28:01 - 12/02/2025"
"semantic_search","","17:28:01 - 12/02/2025"
"CharlieBOT","Para crear un método que escriba caracteres en Java, puedes utilizar el tipo de dato ""String"" para representar una secuencia de caracteres. Aquí tienes un ejemplo de cómo podrías hacerlo dentro de la clase Point: public class Point {     private int x;     private int y;      // Constructor     public Point(int x, int y) {         this.x = x;         this.y = y;     }      // Método para escribir caracteres     public void escribirCaracteres(String caracteres) {         System.out.println(caracteres);     }      // Otros métodos y atributos de la clase }  En este ejemplo, se ha creado un método llamado ""escribirCaracteres"" que recibe un parámetro de tipo ""String"" llamado ""caracteres"". Dentro del método, se utiliza ""System.out.println"" para imprimir en la consola la secuencia de caracteres que se pasa como argumento. Luego, podrías llamar a este método desde otro lugar de tu programa, pasando la secuencia de caracteres que deseas escribir, de la siguiente manera: Point punto = new Point(3, 5); punto.escribirCaracteres(""Hola, mundo!"");  Esto imprimiría ""Hola, mundo!"" en la consola. Espero que esta explicación te sea útil. ¿Hay algo más en lo que pueda ayudarte?","17:28:04 - 12/02/2025"
"User","pero quiero que imprima las cordenadas de los puntos, como lo puedo hacer?","17:28:35 - 12/02/2025"
"semantic_search","","17:28:35 - 12/02/2025"
"CharlieBOT","Para imprimir las coordenadas de los puntos, puedes crear un método en la clase Point que acceda a los valores de las coordenadas ""x"" e ""y"" y los imprima. Aquí te muestro cómo podrías hacerlo: public class Point {     private int x;     private int y;      // Constructor     public Point(int x, int y) {         this.x = x;         this.y = y;     }      // Método para imprimir las coordenadas     public void imprimirCoordenadas() {         System.out.println(""Coordenadas del punto: ("" + x + "", "" + y + "")"");     }      // Otros métodos y atributos de la clase }  En este ejemplo, se ha creado un método llamado ""imprimirCoordenadas"" que accede a los valores de ""x"" e ""y"" y los imprime en la consola en el formato deseado. Luego, podrías llamar a este método desde otro lugar de tu programa para imprimir las coordenadas de un punto específico, de la siguiente manera: Point punto = new Point(3, 5); punto.imprimirCoordenadas();  Esto imprimiría ""Coordenadas del punto: (3, 5)"" en la consola. Espero que esta explicación te sea de ayuda. ¿Hay algo más en lo que pueda asistirte?","17:28:39 - 12/02/2025"
"User","El método String toString() tiene un significado especial en los objetos Java. Es el método que se utiliza para obtener una representación breve como cadena de texto del objeto. Programa el método String toString() de la clase Point para que devuelva una cadena de texto con la representación del punto como en el siguiente ejemplo: ""(23, -3)"". El primer número representa la coordenada x del punto y el segundo la coordenada y.","17:33:18 - 12/02/2025"
"semantic_search","","17:33:18 - 12/02/2025"
"CharlieBOT","Claro, el método toString() es un método especial en Java que proporciona una representación de cadena de un objeto. Aquí te muestro cómo podrías implementar el método toString() en la clase Point para que devuelva la representación del punto en el formato deseado: public class Point {     private int x;     private int y;      // Constructor     public Point(int x, int y) {         this.x = x;         this.y = y;     }      // Método toString para obtener la representación del punto como cadena de texto     @Override     public String toString() {         return ""("" + x + "", "" + y + "")"";     }      // Otros métodos y atributos de la clase }  En este ejemplo, se ha implementado el método toString() en la clase Point utilizando la anotación @Override. El método devuelve una cadena de texto que representa las coordenadas del punto en el formato especificado. Luego, podrías llamar al método toString() al imprimir un objeto Point, de la siguiente manera: Point punto = new Point(23, -3); System.out.println(punto.toString());  Esto imprimiría ""(23, -3)"" en la consola, que es la representación del punto según el método toString() que has programado. Espero que esta explicación te sea útil. ¿Hay algo más en lo que pueda ayudarte?","17:33:22 - 12/02/2025"
"User","Ahora debes probar el código anterior. Programa una clase llamada TestPoint que tenga un método main.","17:41:39 - 12/02/2025"
"semantic_search","Carmen Fernández Panadero, Natividad Martínez Madrid, Julio Villena Román Primeros pasos en Java Escenario I: Instalar y configurar el entorno  Es tu primer día de trabajo en el departamento de programación de la empresa PROTEL donde tienen una aplicación antigua a la que hay que añadir nueva funcionalidad. Tu jefe te proporciona un portátil y una dirección desde la que puedes descargar el código desarrollado hasta la fecha. Objetivo: Ser capaz de editar, compilar ejecutar y depurar un programa ya existente. Plan de trabajo: Descargar, instalar y configurar el sw necesario para poder probar (editar, compilar ejecutar y depurar) el código que hemos descargado.  Arquitectura de desarrollo  IDEs: Eclipse, Netbeans, J Builder, Visual Café, Java Workshop, VisualAge, J++ Código Java: fichero.java Bytecode: fichero.class JDK: Compiladores javac fichero.java Editores: Notepad, Grasp, EditPlus Fase I: Editar  Fase II: Compilar  Arquitectura de Ejecución  Java Runtime: Sistema Operativo, Hardware Java Virtual Machine: Cargador de clases, Verificador de Bytecode, Java Class Libraries (java extensionAPIs), Java Class Libraries (Java BaseAPIs), Java Interpreter, JIT (Just in Time Compiler) Fase III: Cargar  Fase IV: Verificar  Fase V: Ejecutar java fichero Applets o Aplicaciones en formato Bytecode  ¿Qué puede fallar?  Compilar: “Syntax Error” Cargar: “Class not found Exception” Verificar: “Security Exception” Ejecutar: “Null Pointer Exception”  Por donde empezar  Entorno de desarrollo: JDK http://www.oracle.com/technetwork/Java/index.html Editor: Eclipse http://www.eclipse.org Documentación: Java API https://docs.oracle.com/javase/8/docs/api  Configuración (si es necesario)  Configuración: CLASSPATH: Conjunto de directorios que contiene los files.class que se desean ejecutar (no necesario desde v1.2) Debe contener, al menos, $JAVA_HOME/lib/files.class PATH: Directorios donde buscar los ficheros ejecutables.","17:41:39 - 12/02/2025"
"CharlieBOT","Claro, aquí tienes la implementación de la clase TestPoint con un método main para probar la clase Point: public class TestPoint {     public static void main(String[] args) {         // Crear un objeto Point         Point punto = new Point(23, -3);                  // Imprimir la representación del punto utilizando el método toString()         System.out.println(""Representación del punto: "" + punto.toString());     } }  En esta clase, el método main crea un objeto Point con coordenadas (23, -3) y luego imprime la representación del punto utilizando el método toString(). Al ejecutar esta clase, deberías ver la siguiente salida en la consola: Representación del punto: (23, -3)  Esto confirma que el método toString() de la clase Point está devolviendo la representación del punto como se esperaba. ¿Hay algo más en lo que pueda asistirte?","17:41:45 - 12/02/2025"
"User","El programa debe comprobar que el número de argumentos de línea de comandos recibido sea el correcto.","17:47:47 - 12/02/2025"
"semantic_search","","17:47:47 - 12/02/2025"
"CharlieBOT","Claro, para comprobar el número de argumentos de línea de comandos recibidos, puedes utilizar args.length en el método main. Aquí tienes la modificación para la clase TestPoint que incluye la comprobación del número de argumentos: public class TestPoint {     public static void main(String[] args) {         if (args.length != 2) {             System.out.println(""Uso: TestPoint <coordenada_x> <coordenada_y>"");             return;         }          // Obtener las coordenadas de la línea de comandos         int x = Integer.parseInt(args[0]);         int y = Integer.parseInt(args[1]);          // Crear un objeto Point         Point punto = new Point(x, y);                  // Imprimir la representación del punto utilizando el método toString()         System.out.println(""Representación del punto: "" + punto.toString());     } }  En este caso, se verifica que se reciban exactamente dos argumentos de línea de comandos. Si no se reciben dos argumentos, se imprime un mensaje de uso y se sale del programa. De lo contrario, se continúa con la creación del objeto Point y la impresión de su representación. Espero que esta modificación sea útil. ¿Hay algo más en lo que pueda ayudarte?","17:47:50 - 12/02/2025"
"User","Ten en cuenta que el método parseDouble de la clase Double transforma una cadena de texto a un tipo primitivo double.","17:48:31 - 12/02/2025"
"semantic_search","","17:48:31 - 12/02/2025"
"CharlieBOT","Entendido, si necesitas utilizar el método parseDouble de la clase Double para transformar una cadena de texto a un tipo primitivo double, puedes hacerlo de la siguiente manera: public class TestPoint {     public static void main(String[] args) {         if (args.length != 2) {             System.out.println(""Uso: TestPoint <coordenada_x> <coordenada_y>"");             return;         }          // Obtener las coordenadas de la línea de comandos         double x = Double.parseDouble(args[0]);         double y = Double.parseDouble(args[1]);          // Crear un objeto Point         Point punto = new Point(x, y);                  // Imprimir la representación del punto utilizando el método toString()         System.out.println(""Representación del punto: "" + punto.toString());     } }  En este caso, se utiliza Double.parseDouble para convertir las cadenas de texto a valores de tipo double. Esto permite trabajar con coordenadas en formato de punto flotante en lugar de enteros. Si tienes alguna otra pregunta o necesitas más ayuda, no dudes en preguntar.","17:48:33 - 12/02/2025"
"User","y que pasaria si yo no meto un double en la variable punto","17:49:16 - 12/02/2025"
"semantic_search","","17:49:16 - 12/02/2025"
"CharlieBOT","Si intentas introducir un valor que no se puede convertir a double en las variables x o y, se producirá una excepción en tiempo de ejecución. Para manejar esta situación, puedes envolver la conversión en un bloque try-catch para capturar la excepción y manejarla apropiadamente. Aquí tienes un ejemplo de cómo hacerlo: public class TestPoint {     public static void main(String[] args) {         if (args.length != 2) {             System.out.println(""Uso: TestPoint <coordenada_x> <coordenada_y>"");             return;         }          try {             // Obtener las coordenadas de la línea de comandos             double x = Double.parseDouble(args[0]);             double y = Double.parseDouble(args[1]);              // Crear un objeto Point             Point punto = new Point(x, y);                          // Imprimir la representación del punto utilizando el método toString()             System.out.println(""Representación del punto: "" + punto.toString());         } catch (NumberFormatException e) {             System.out.println(""Error: Los argumentos deben ser números válidos"");         }     } }  En este caso, si la conversión de las cadenas a double falla, se capturará la excepción NumberFormatException y se imprimirá un mensaje de error. Esto ayuda a manejar graciosamente la situación en la que el usuario proporciona valores no válidos. Espero que esta información te sea útil. ¿Hay algo más en lo que pueda ayudarte?","17:49:19 - 12/02/2025"
"User","y el parsedouble de que me sirve entonces?","17:49:56 - 12/02/2025"
"semantic_search","","17:49:56 - 12/02/2025"
"CharlieBOT","El método parseDouble de la clase Double es útil para convertir una representación de cadena de un número en punto flotante (por ejemplo, ""3.14"") a su equivalente en tipo primitivo double. Esto es útil cuando necesitas trabajar con valores numéricos en formato de punto flotante que se encuentran representados como cadenas de texto. Por ejemplo, si estás leyendo datos de un archivo o de la entrada del usuario, es probable que obtengas los números en forma de cadenas de texto. En ese caso, puedes utilizar Double.parseDouble para convertir esas cadenas en valores numéricos que puedas utilizar en cálculos o para crear objetos que requieran valores de tipo double. Aquí tienes un ejemplo de cómo se puede utilizar Double.parseDouble: String numeroComoCadena = ""3.14""; double numero = Double.parseDouble(numeroComoCadena); System.out.println(""El número como double es: "" + numero);  En este caso, la cadena ""3.14"" se convierte a un valor de tipo double utilizando Double.parseDouble, lo que permite trabajar con el número en su forma numérica. Espero que esta explicación aclare el propósito y la utilidad del método parseDouble. Si tienes más preguntas o necesitas más ejemplos, no dudes en preguntar.","17:50:00 - 12/02/2025"
"User","y args que es exactamente? los puntos que les pasamos? que debemos de esperar que de","17:51:53 - 12/02/2025"
"semantic_search","","17:51:53 - 12/02/2025"
"CharlieBOT","El parámetro args es un array de cadenas que se pasa al método main de una clase Java cuando se ejecuta el programa. Estas cadenas representan los argumentos que se proporcionan al programa en línea de comandos al momento de ejecutarlo. Cuando ejecutas un programa Java desde la línea de comandos, puedes proporcionar argumentos que serán pasados al método main como elementos del array args. Por ejemplo, si ejecutas un programa de la siguiente manera: java MiPrograma arg1 arg2  Entonces, dentro del método main de la clase MiPrograma, el parámetro args será un array que contiene las cadenas ""arg1"" y ""arg2"". En el contexto de tu pregunta anterior, donde mencioné el uso de args en el ejemplo del punto, el programa espera que se le pasen dos argumentos en línea de comandos que representen las coordenadas x e y del punto. Por ejemplo: java TestPoint 3.5 2.0  En este caso, el programa espera que se le pasen dos argumentos que representen las coordenadas x e y del punto. Estos valores se obtendrán del array args dentro del método main y se utilizarán para crear un objeto Point. Espero que esta explicación aclare el propósito de args y cómo se utiliza en el contexto de un programa Java. Si tienes más preguntas al respecto, no dudes en preguntar.","17:51:56 - 12/02/2025"
"User","ahhh, entonces para eso hago el parsedouble?","17:54:10 - 12/02/2025"
"semantic_search","","17:54:10 - 12/02/2025"
"CharlieBOT","Exacto, para convertir las cadenas de texto que representan números en punto flotante a valores numéricos de tipo double que puedas utilizar en tu programa. Cuando recibes argumentos en forma de cadenas de texto a través del parámetro args, es común que necesites convertirlos a tipos numéricos para poder realizar cálculos o crear objetos que requieran valores numéricos. Por ejemplo, si necesitas utilizar las coordenadas de un punto que se pasan como argumentos en línea de comandos, es probable que quieras convertir esas cadenas que representan números en punto flotante a valores de tipo double utilizando Double.parseDouble. Si tienes más preguntas sobre cómo trabajar con argumentos de línea de comandos en Java o sobre cualquier otro tema relacionado con la programación de sistemas, no dudes en preguntar. Estoy aquí para ayudarte.","17:54:13 - 12/02/2025"
"User","pero siempre que paso los objetos que me he creado antes del main al mismo pasan como cadena de caracteres?","17:54:44 - 12/02/2025"
"semantic_search","","17:54:44 - 12/02/2025"
"CharlieBOT","Dentro del método main, los argumentos que se pasan en línea de comandos se reciben como cadenas de caracteres (strings). Si necesitas pasar objetos que has creado antes del main, tendrás que serializar esos objetos en cadenas de caracteres antes de pasarlos como argumentos en línea de comandos. La serialización es el proceso de convertir un objeto en una secuencia de bytes que luego se puede almacenar en un archivo, en memoria o transmitir a través de una red. En el contexto de pasar objetos como argumentos en línea de comandos, podrías convertir el objeto a una representación de cadena de caracteres (por ejemplo, JSON) y luego pasar esa cadena como argumento. Al recibir la cadena en el método main, podrías luego deserializarla para reconstruir el objeto original. Sin embargo, este enfoque puede ser complejo y puede haber consideraciones de seguridad a tener en cuenta al pasar objetos serializados como argumentos en línea de comandos. Si tienes un escenario específico en mente o necesitas más detalles sobre cómo pasar objetos entre partes de tu programa en Java, no dudes en preguntar. Estoy aquí para ayudarte con cualquier duda que tengas sobre programación de sistemas.","17:54:46 - 12/02/2025"
"User","vale","17:55:09 - 12/02/2025"
"semantic_search","","17:55:09 - 12/02/2025"
"CharlieBOT","¡Perfecto! Si tienes más preguntas o necesitas ayuda adicional, no dudes en preguntar. Estoy aquí para ayudarte con cualquier duda que tengas sobre programación de sistemas en Java.","17:55:10 - 12/02/2025"
"User","como se hacía para declarar las variables get y set","18:30:36 - 12/02/2025"
"semantic_search","","18:30:36 - 12/02/2025"
"CharlieBOT","En Java, para declarar las variables de instancia y proporcionar métodos de acceso (getters) y modificación (setters), puedes seguir el siguiente patrón:  Declarar las variables de instancia como privadas. Proporcionar métodos públicos para acceder y modificar estas variables.  Aquí tienes un ejemplo sencillo: public class Ejemplo {     private int variableEjemplo;      // Getter     public int getVariableEjemplo() {         return variableEjemplo;     }      // Setter     public void setVariableEjemplo(int nuevoValor) {         this.variableEjemplo = nuevoValor;     } }  En este ejemplo, variableEjemplo es una variable de instancia privada, y los métodos getVariableEjemplo y setVariableEjemplo proporcionan acceso controlado a esta variable. Al seguir este patrón, puedes garantizar que el acceso a las variables de instancia esté controlado y encapsulado, lo que es una buena práctica de programación orientada a objetos. Si necesitas más ayuda con este tema o tienes alguna otra pregunta relacionada con la programación de sistemas en Java, no dudes en preguntar. Estoy aquí para ayudarte.","18:30:39 - 12/02/2025"
"User","public class Point { private double x; private double y; Public Point(double x, double y){ this.x = x; this.y = y;  } public String toString(){  return""("" x + "","" + y "")""); } public int GetPoint(){  return double x,y; } public void SetPoint(int p1, int p2){ this.double x = p1; this.double y = p2;  } esto sería correcto? centrate en los get y los set","18:32:52 - 12/02/2025"
"semantic_search","","18:32:52 - 12/02/2025"
"CharlieBOT","Veamos, hay algunos errores en tu código. Primero, los nombres de los métodos GetPoint y SetPoint deberían seguir la convención de nombres de Java, que es camelCase, es decir, deberían ser getPoint y setPoint. Además, los tipos de retorno y los parámetros de estos métodos no están correctamente definidos. Aquí tienes una versión corregida del código: public class Point {     private double x;     private double y;      public Point(double x, double y) {         this.x = x;         this.y = y;     }      public String toString() {         return ""("" + x + "","" + y + "")"";     }      public double getX() {         return x;     }      public double getY() {         return y;     }      public void setX(double newX) {         this.x = newX;     }      public void setY(double newY) {         this.y = newY;     } }  En este código corregido, los métodos de acceso (getters) y modificación (setters) siguen la convención de nombres de Java y tienen los tipos de retorno y parámetros adecuados para trabajar con variables de tipo double. Espero que esto aclare tus dudas. Si necesitas más ayuda con este tema o tienes alguna otra pregunta relacionada con la programación de sistemas en Java, no dudes en preguntar. Estoy aquí para ayudarte.","18:32:56 - 12/02/2025"
"User","ok, mejo se hace por separado no","18:33:12 - 12/02/2025"
"semantic_search","","18:33:12 - 12/02/2025"
"CharlieBOT","Sí, en Java es una buena práctica separar los métodos de acceso (getters) y modificación (setters) para cada variable de instancia. Esto ayuda a mantener un código más organizado y facilita la lectura y comprensión del mismo. Al separar los métodos de acceso y modificación para cada variable de instancia, se sigue el principio de encapsulamiento, que es fundamental en la programación orientada a objetos. Además, esto permite un mayor control sobre el acceso a las variables y facilita futuras modificaciones en la lógica de los métodos. Si tienes más preguntas sobre este tema o cualquier otra duda relacionada con la programación de sistemas en Java, no dudes en preguntar. Estoy aquí para ayudarte.","18:33:15 - 12/02/2025"
"User","Programa el siguiente método de la clase Point que devuelva la distancia del punto al origen de coordenadas: public double distance() { /* ... / } Sobrecarga el método anterior con el siguiente método, que recibe como parámetro otro objeto de la clase Point y devuelve la distancia entre el punto representado por el objeto al cual pertenece el método y el objeto recibido como parámetro: public double distance(Point anotherPoint) { / ... */ }","18:41:27 - 12/02/2025"
"semantic_search","","18:41:27 - 12/02/2025"
"CharlieBOT","Claro, puedo ayudarte con eso. Aquí tienes la implementación de los métodos solicitados en la clase Point: public class Point {     private double x;     private double y;      public Point(double x, double y) {         this.x = x;         this.y = y;     }      // Otros métodos de la clase...      public double distance() {         return Math.sqrt(x * x + y * y);     }      public double distance(Point anotherPoint) {         double dx = this.x - anotherPoint.x;         double dy = this.y - anotherPoint.y;         return Math.sqrt(dx * dx + dy * dy);     } }  En el método distance(), calculamos la distancia del punto al origen de coordenadas utilizando la fórmula matemática de la distancia euclidiana: √(x^2 + y^2). En el método distance(Point anotherPoint), calculamos la distancia entre el punto representado por el objeto actual y el punto representado por el objeto recibido como parámetro, nuevamente utilizando la fórmula de la distancia euclidiana. Espero que esto sea útil. Si tienes más preguntas sobre este tema o cualquier otra duda relacionada con la programación de sistemas en Java, no dudes en preguntar. Estoy aquí para ayudarte.","18:41:31 - 12/02/2025"
"User","Modifica el primer constructor para que cuando se construyan objetos de la clase, estos se uniformicen automáticamente haciendo las siguientes operaciones:  Si el denominador es negativo, multiplica numerador y denominador por -1.","19:01:44 - 12/02/2025"
"semantic_search","","19:01:44 - 12/02/2025"

